year,bracket,households,beneficiaries,total_cost,avg_benefit
2027,$0 - $25k,248801.171875,45765.83984375,1285862.25,5.168232288897856
2027,$25k - $50k,188604.953125,156650.125,10254299.0,54.36919248458894
2027,$50k - $75k,204890.953125,175056.265625,30375034.0,148.24975694006744
2027,$75k - $100k,205501.53125,201586.75,48293676.0,235.0039715336671
2027,$100k - $200k,672835.8125,670542.625,218781936.0,325.16392845840085
2027,$200k - $500k,512546.34375,512212.59375,200062720.0,390.3309865333519
2027,$500k - $750k,38209.5,12718.6875,-95933768.0,-2510.730786846203
2027,$750k - $1M,14142.8671875,105.50082397460938,-142905840.0,-10104.446156880096
2027,$1M+,48765.4140625,0.0,-1386837504.0,-28438.956802921126
